[
  {
    "code": "Education",
    "name": "College of Education",
    "programs": [
      {
        "code": "ES",
        "name": "Educational Sciences"
      },
      {
        "code": "PS",
        "name": "Psychological Sciences"
      },
      {
        "code": "PE",
        "name": "Physical Education"
      }
    ]
  },
  {
    "code": "Business",
    "name": "College of Business & Economics",
    "programs": [
      {
        "code": "IS",
        "name": "Accounting and Information Systems"
      },
      {
        "code": "FIN",
        "name": "Finance and Economics"
      },
      {
        "code": "MM",
        "name": "Management and Marketing"
      }
    ]
  },
  {
    "code": "Law",
    "name": "College of Law",
    "programs": [
      {
        "code": "LAW",
        "name": "Undergraduate Law"
      }
    ]
  },
  {
    "code": "Pharmacy",
    "name": "College of Pharmacy",
    "programs": [
      {
        "code": "PHAR",
        "name": "Bachelor of Science in Pharmacy"
      }
    ]
  },
  {
    "code": "Sharia",
    "name": "College of Sharia and Islamic Studies",
    "programs": [
      {
        "code": "IJ",
        "name": "Islamic Jurisprudence"
      },
      {
        "code": "IC",
        "name": "Islamic Culture & Preaching"
      },
      {
        "code": "FI",
        "name": "Foundations of Islam"
      }
    ]
  },
  {
    "code": "Medicine",
    "name": "College of Medicine",
    "programs": [
      {
        "code": "MD",
        "name": "Doctor of Medicine"
      }
    ]
  },
  {
    "code": "Health",
    "name": "College of Health Science",
    "programs": [
      {
        "code": "BS",
        "name": "Biomedical sciences"
      },
      {
        "code": "HN",
        "name": "Human nutrition"
      },
      {
        "code": "PH",
        "name": "Public health"
      },
      {
        "code": "PH",
        "name": "Public health"
      }
    ]
  },
  {
    "code": "Engineering",
    "name": "College of Engineering",
    "programs": [
      {
        "code": "AUP",
        "name": "Architecture and Urban Planning"
      },
      {
        "code": "CHE",
        "name": "Chemical Engineering"
      },
      {
        "code": "CVE",
        "name": "Civil Engineering"
      },
      {
        "code": "CS",
        "name": "Computer Science"
      },
      {
        "code": "CE",
        "name": "Computer Engineering"
      },
      {
        "code": "EE",
        "name": "Electrical Engineering"
      },
      {
        "code": "ME",
        "name": "Mechanical Engineering"
      },
      {
        "code": "ISE",
        "name": "Industrial and Systems Engineering"
      }
    ]
  },
  {
    "code": "CAS",
    "name": "College of Arts and Sciences",
    "programs": [
      {
        "code": "ARA",
        "name": "Arabic"
      },
      {
        "code": "BIO",
        "name": "Biology"
      },
      {
        "code": "CHM",
        "name": "Chemistry"
      },
      {
        "code": "ENV",
        "name": "Environmental Science"
      },
      {
        "code": "HIS",
        "name": "History"
      },
      {
        "code": "ENG",
        "name": "English"
      },
      {
        "code": "IA",
        "name": "International Affairs"
      },
      {
        "code": "MC",
        "name": "Mass Communication"
      },
      {
        "code": "PPD",
        "name": "Policy, Planning and  Development"
      },
      {
        "code": "MATH",
        "name": "Mathematics"
      },
      {
        "code": "PSY",
        "name": "Psychology"
      },
      {
        "code": "SOC",
        "name": "Sociology"
      },
      {
        "code": "SW",
        "name": "Social Work"
      },
      {
        "code": "SS",
        "name": "Sport Science"
      },
      {
        "code": "STAT",
        "name": "Statistics"
      }
    ]
  }
]