[
  {
    "studentId": 201505898,
    "collegeCode": "Business",
    "collegeName": "College of Business & Economics",
    "programCode": "IS",
    "programName": "Accounting and Information Systems",
    "status": "pending"
  },
  {
    "studentId": 201605898,
    "collegeCode": "Business",
    "collegeName": "College of Business & Economics",
    "programCode": "IS",
    "programName": "Accounting and Information Systems",
    "status": "pending"
  },
  {
    "studentId": 201405898,
    "collegeCode": "Pharmacy",
    "programCode": "PHAR",
    "collegeName": "College of Pharmacy",
    "programName": "Bachelor of Science in Pharmacy",
    "status": "pending"
  }
]
